,name,id,source,time,lat,lon,vmax,type,mslp,wmo_basin,ace,leadtime,sim_num
0,milton,e5512404-062e-4d9f-99b0-d9f61e953d89,hurdat,2024-10-06 23:00:00,22.5,-93.5,64.0,H,0.0,north_atlantic,0.0,2024-10-06 23:00:00,0.0
1,milton,e5512404-062e-4d9f-99b0-d9f61e953d89,hurdat,2024-10-07 05:00:00,22.5,-92.5,64.0,H,0.0,north_atlantic,0.0,2024-10-06 23:00:00,0.0
2,milton,e5512404-062e-4d9f-99b0-d9f61e953d89,hurdat,2024-10-07 11:00:00,22.5,-91.5,64.0,H,0.0,north_atlantic,0.0,2024-10-06 23:00:00,0.0
3,milton,e5512404-062e-4d9f-99b0-d9f61e953d89,hurdat,2024-10-07 17:00:00,22.5,-90.5,64.0,H,0.0,north_atlantic,0.0,2024-10-06 23:00:00,0.0
4,milton,e5512404-062e-4d9f-99b0-d9f61e953d89,hurdat,2024-10-07 23:00:00,22.5,-89.5,64.0,H,0.0,north_atlantic,0.0,2024-10-06 23:00:00,0.0
5,milton,e5512404-062e-4d9f-99b0-d9f61e953d89,hurdat,2024-10-08 05:00:00,22.5,-88.5,64.0,H,0.0,north_atlantic,0.0,2024-10-06 23:00:00,0.0
6,milton,e5512404-062e-4d9f-99b0-d9f61e953d89,hurdat,2024-10-08 11:00:00,22.5,-87.5,64.0,H,0.0,north_atlantic,0.0,2024-10-06 23:00:00,0.0
7,milton,e5512404-062e-4d9f-99b0-d9f61e953d89,hurdat,2024-10-08 17:00:00,22.5,-86.5,64.0,H,0.0,north_atlantic,0.0,2024-10-06 23:00:00,0.0
8,milton,e5512404-062e-4d9f-99b0-d9f61e953d89,hurdat,2024-10-08 23:00:00,22.5,-85.5,64.0,H,0.0,north_atlantic,0.0,2024-10-06 23:00:00,0.0
9,milton,e5512404-062e-4d9f-99b0-d9f61e953d89,hurdat,2024-10-09 05:00:00,22.5,-84.5,64.0,H,0.0,north_atlantic,0.0,2024-10-06 23:00:00,0.0
10,milton,e5512404-062e-4d9f-99b0-d9f61e953d89,hurdat,2024-10-09 11:00:00,22.5,-83.5,64.0,H,0.0,north_atlantic,0.0,2024-10-06 23:00:00,0.0
11,milton,e5512404-062e-4d9f-99b0-d9f61e953d89,hurdat,2024-10-09 17:00:00,22.5,-82.5,64.0,H,0.0,north_atlantic,0.0,2024-10-06 23:00:00,0.0
12,milton,e5512404-062e-4d9f-99b0-d9f61e953d89,hurdat,2024-10-09 23:00:00,22.5,-81.5,64.0,H,0.0,north_atlantic,0.0,2024-10-06 23:00:00,0.0
13,milton,e5512404-062e-4d9f-99b0-d9f61e953d89,hurdat,2024-10-10 05:00:00,22.5,-80.5,64.0,H,0.0,north_atlantic,0.0,2024-10-06 23:00:00,0.0
14,milton,e5512404-062e-4d9f-99b0-d9f61e953d89,hurdat,2024-10-10 11:00:00,22.5,-79.5,64.0,H,0.0,north_atlantic,0.0,2024-10-06 23:00:00,0.0
15,milton,e5512404-062e-4d9f-99b0-d9f61e953d89,hurdat,2024-10-10 17:00:00,23.5,-78.5,83.0,H,0.0,north_atlantic,0.0,2024-10-06 23:00:00,0.0
16,milton,56775edb-8f71-45b6-acb4-7149742afafa,hurdat,2024-10-06 23:00:00,22.5,-93.5,64.0,H,0.0,north_atlantic,0.0,2024-10-06 23:00:00,1.0
17,milton,56775edb-8f71-45b6-acb4-7149742afafa,hurdat,2024-10-07 05:00:00,22.5,-92.5,64.0,H,0.0,north_atlantic,0.0,2024-10-06 23:00:00,1.0
18,milton,56775edb-8f71-45b6-acb4-7149742afafa,hurdat,2024-10-07 11:00:00,22.5,-91.5,64.0,H,0.0,north_atlantic,0.0,2024-10-06 23:00:00,1.0
19,milton,56775edb-8f71-45b6-acb4-7149742afafa,hurdat,2024-10-07 17:00:00,22.5,-90.5,64.0,H,0.0,north_atlantic,0.0,2024-10-06 23:00:00,1.0
20,milton,56775edb-8f71-45b6-acb4-7149742afafa,hurdat,2024-10-07 23:00:00,22.5,-89.5,64.0,H,0.0,north_atlantic,0.0,2024-10-06 23:00:00,1.0
21,milton,56775edb-8f71-45b6-acb4-7149742afafa,hurdat,2024-10-08 05:00:00,22.5,-88.5,64.0,H,0.0,north_atlantic,0.0,2024-10-06 23:00:00,1.0
22,milton,56775edb-8f71-45b6-acb4-7149742afafa,hurdat,2024-10-08 11:00:00,22.5,-87.5,64.0,H,0.0,north_atlantic,0.0,2024-10-06 23:00:00,1.0
23,milton,56775edb-8f71-45b6-acb4-7149742afafa,hurdat,2024-10-08 17:00:00,22.5,-86.5,64.0,H,0.0,north_atlantic,0.0,2024-10-06 23:00:00,1.0
24,milton,56775edb-8f71-45b6-acb4-7149742afafa,hurdat,2024-10-08 23:00:00,22.5,-85.5,64.0,H,0.0,north_atlantic,0.0,2024-10-06 23:00:00,1.0
25,milton,56775edb-8f71-45b6-acb4-7149742afafa,hurdat,2024-10-09 05:00:00,22.5,-84.5,64.0,H,0.0,north_atlantic,0.0,2024-10-06 23:00:00,1.0
26,milton,56775edb-8f71-45b6-acb4-7149742afafa,hurdat,2024-10-09 11:00:00,22.5,-83.5,64.0,H,0.0,north_atlantic,0.0,2024-10-06 23:00:00,1.0
27,milton,56775edb-8f71-45b6-acb4-7149742afafa,hurdat,2024-10-09 17:00:00,22.5,-82.5,64.0,H,0.0,north_atlantic,0.0,2024-10-06 23:00:00,1.0
28,milton,56775edb-8f71-45b6-acb4-7149742afafa,hurdat,2024-10-09 23:00:00,22.5,-81.5,64.0,H,0.0,north_atlantic,0.0,2024-10-06 23:00:00,1.0
29,milton,56775edb-8f71-45b6-acb4-7149742afafa,hurdat,2024-10-10 05:00:00,22.5,-80.5,64.0,H,0.0,north_atlantic,0.0,2024-10-06 23:00:00,1.0
30,milton,56775edb-8f71-45b6-acb4-7149742afafa,hurdat,2024-10-10 11:00:00,22.5,-79.5,64.0,H,0.0,north_atlantic,0.0,2024-10-06 23:00:00,1.0
31,milton,56775edb-8f71-45b6-acb4-7149742afafa,hurdat,2024-10-10 17:00:00,23.5,-78.5,83.0,H,0.0,north_atlantic,0.0,2024-10-06 23:00:00,1.0
32,milton,236a0778-59cb-4ca4-a7fb-59c7be1492d6,hurdat,2024-10-06 23:00:00,22.5,-93.5,64.0,H,0.0,north_atlantic,0.0,2024-10-06 23:00:00,2.0
33,milton,236a0778-59cb-4ca4-a7fb-59c7be1492d6,hurdat,2024-10-07 05:00:00,22.5,-92.5,64.0,H,0.0,north_atlantic,0.0,2024-10-06 23:00:00,2.0
34,milton,236a0778-59cb-4ca4-a7fb-59c7be1492d6,hurdat,2024-10-07 11:00:00,22.5,-91.5,64.0,H,0.0,north_atlantic,0.0,2024-10-06 23:00:00,2.0
35,milton,236a0778-59cb-4ca4-a7fb-59c7be1492d6,hurdat,2024-10-07 17:00:00,22.5,-90.5,64.0,H,0.0,north_atlantic,0.0,2024-10-06 23:00:00,2.0
36,milton,236a0778-59cb-4ca4-a7fb-59c7be1492d6,hurdat,2024-10-07 23:00:00,22.5,-89.5,64.0,H,0.0,north_atlantic,0.0,2024-10-06 23:00:00,2.0
37,milton,236a0778-59cb-4ca4-a7fb-59c7be1492d6,hurdat,2024-10-08 05:00:00,22.5,-88.5,64.0,H,0.0,north_atlantic,0.0,2024-10-06 23:00:00,2.0
38,milton,236a0778-59cb-4ca4-a7fb-59c7be1492d6,hurdat,2024-10-08 11:00:00,22.5,-87.5,64.0,H,0.0,north_atlantic,0.0,2024-10-06 23:00:00,2.0
39,milton,236a0778-59cb-4ca4-a7fb-59c7be1492d6,hurdat,2024-10-08 17:00:00,22.5,-86.5,64.0,H,0.0,north_atlantic,0.0,2024-10-06 23:00:00,2.0
40,milton,236a0778-59cb-4ca4-a7fb-59c7be1492d6,hurdat,2024-10-08 23:00:00,22.5,-85.5,64.0,H,0.0,north_atlantic,0.0,2024-10-06 23:00:00,2.0
41,milton,236a0778-59cb-4ca4-a7fb-59c7be1492d6,hurdat,2024-10-09 05:00:00,22.5,-84.5,64.0,H,0.0,north_atlantic,0.0,2024-10-06 23:00:00,2.0
42,milton,236a0778-59cb-4ca4-a7fb-59c7be1492d6,hurdat,2024-10-09 11:00:00,22.5,-83.5,64.0,H,0.0,north_atlantic,0.0,2024-10-06 23:00:00,2.0
43,milton,236a0778-59cb-4ca4-a7fb-59c7be1492d6,hurdat,2024-10-09 17:00:00,22.5,-82.5,64.0,H,0.0,north_atlantic,0.0,2024-10-06 23:00:00,2.0
44,milton,236a0778-59cb-4ca4-a7fb-59c7be1492d6,hurdat,2024-10-09 23:00:00,22.5,-81.5,64.0,H,0.0,north_atlantic,0.0,2024-10-06 23:00:00,2.0
45,milton,236a0778-59cb-4ca4-a7fb-59c7be1492d6,hurdat,2024-10-10 05:00:00,22.5,-80.5,64.0,H,0.0,north_atlantic,0.0,2024-10-06 23:00:00,2.0
46,milton,236a0778-59cb-4ca4-a7fb-59c7be1492d6,hurdat,2024-10-10 11:00:00,22.5,-79.5,64.0,H,0.0,north_atlantic,0.0,2024-10-06 23:00:00,2.0
47,milton,236a0778-59cb-4ca4-a7fb-59c7be1492d6,hurdat,2024-10-10 17:00:00,23.5,-78.5,83.0,H,0.0,north_atlantic,0.0,2024-10-06 23:00:00,2.0
48,milton,15851a25-523d-4a60-bbe7-4c7459e1fb58,hurdat,2024-10-06 23:00:00,22.5,-93.5,64.0,H,0.0,north_atlantic,0.0,2024-10-06 23:00:00,3.0
49,milton,15851a25-523d-4a60-bbe7-4c7459e1fb58,hurdat,2024-10-07 05:00:00,22.5,-92.5,64.0,H,0.0,north_atlantic,0.0,2024-10-06 23:00:00,3.0
50,milton,15851a25-523d-4a60-bbe7-4c7459e1fb58,hurdat,2024-10-07 11:00:00,22.5,-91.5,64.0,H,0.0,north_atlantic,0.0,2024-10-06 23:00:00,3.0
51,milton,15851a25-523d-4a60-bbe7-4c7459e1fb58,hurdat,2024-10-07 17:00:00,22.5,-90.5,64.0,H,0.0,north_atlantic,0.0,2024-10-06 23:00:00,3.0
52,milton,15851a25-523d-4a60-bbe7-4c7459e1fb58,hurdat,2024-10-07 23:00:00,22.5,-89.5,64.0,H,0.0,north_atlantic,0.0,2024-10-06 23:00:00,3.0
53,milton,15851a25-523d-4a60-bbe7-4c7459e1fb58,hurdat,2024-10-08 05:00:00,22.5,-88.5,64.0,H,0.0,north_atlantic,0.0,2024-10-06 23:00:00,3.0
54,milton,15851a25-523d-4a60-bbe7-4c7459e1fb58,hurdat,2024-10-08 11:00:00,22.5,-87.5,64.0,H,0.0,north_atlantic,0.0,2024-10-06 23:00:00,3.0
55,milton,15851a25-523d-4a60-bbe7-4c7459e1fb58,hurdat,2024-10-08 17:00:00,22.5,-86.5,64.0,H,0.0,north_atlantic,0.0,2024-10-06 23:00:00,3.0
56,milton,15851a25-523d-4a60-bbe7-4c7459e1fb58,hurdat,2024-10-08 23:00:00,22.5,-85.5,64.0,H,0.0,north_atlantic,0.0,2024-10-06 23:00:00,3.0
57,milton,15851a25-523d-4a60-bbe7-4c7459e1fb58,hurdat,2024-10-09 05:00:00,22.5,-84.5,64.0,H,0.0,north_atlantic,0.0,2024-10-06 23:00:00,3.0
58,milton,15851a25-523d-4a60-bbe7-4c7459e1fb58,hurdat,2024-10-09 11:00:00,22.5,-83.5,64.0,H,0.0,north_atlantic,0.0,2024-10-06 23:00:00,3.0
59,milton,15851a25-523d-4a60-bbe7-4c7459e1fb58,hurdat,2024-10-09 17:00:00,22.5,-82.5,64.0,H,0.0,north_atlantic,0.0,2024-10-06 23:00:00,3.0
60,milton,15851a25-523d-4a60-bbe7-4c7459e1fb58,hurdat,2024-10-09 23:00:00,22.5,-81.5,64.0,H,0.0,north_atlantic,0.0,2024-10-06 23:00:00,3.0
61,milton,15851a25-523d-4a60-bbe7-4c7459e1fb58,hurdat,2024-10-10 05:00:00,22.5,-80.5,64.0,H,0.0,north_atlantic,0.0,2024-10-06 23:00:00,3.0
62,milton,15851a25-523d-4a60-bbe7-4c7459e1fb58,hurdat,2024-10-10 11:00:00,22.5,-79.5,64.0,H,0.0,north_atlantic,0.0,2024-10-06 23:00:00,3.0
63,milton,15851a25-523d-4a60-bbe7-4c7459e1fb58,hurdat,2024-10-10 17:00:00,23.5,-78.5,83.0,H,0.0,north_atlantic,0.0,2024-10-06 23:00:00,3.0
64,milton,57566070-8c00-44b4-beb4-5ea7baee522c,hurdat,2024-10-06 23:00:00,22.5,-93.5,64.0,H,0.0,north_atlantic,0.0,2024-10-06 23:00:00,4.0
65,milton,57566070-8c00-44b4-beb4-5ea7baee522c,hurdat,2024-10-07 05:00:00,22.5,-92.5,64.0,H,0.0,north_atlantic,0.0,2024-10-06 23:00:00,4.0
66,milton,57566070-8c00-44b4-beb4-5ea7baee522c,hurdat,2024-10-07 11:00:00,22.5,-91.5,64.0,H,0.0,north_atlantic,0.0,2024-10-06 23:00:00,4.0
67,milton,57566070-8c00-44b4-beb4-5ea7baee522c,hurdat,2024-10-07 17:00:00,22.5,-90.5,64.0,H,0.0,north_atlantic,0.0,2024-10-06 23:00:00,4.0
68,milton,57566070-8c00-44b4-beb4-5ea7baee522c,hurdat,2024-10-07 23:00:00,22.5,-89.5,64.0,H,0.0,north_atlantic,0.0,2024-10-06 23:00:00,4.0
69,milton,57566070-8c00-44b4-beb4-5ea7baee522c,hurdat,2024-10-08 05:00:00,22.5,-88.5,64.0,H,0.0,north_atlantic,0.0,2024-10-06 23:00:00,4.0
70,milton,57566070-8c00-44b4-beb4-5ea7baee522c,hurdat,2024-10-08 11:00:00,22.5,-87.5,64.0,H,0.0,north_atlantic,0.0,2024-10-06 23:00:00,4.0
71,milton,57566070-8c00-44b4-beb4-5ea7baee522c,hurdat,2024-10-08 17:00:00,22.5,-86.5,64.0,H,0.0,north_atlantic,0.0,2024-10-06 23:00:00,4.0
72,milton,57566070-8c00-44b4-beb4-5ea7baee522c,hurdat,2024-10-08 23:00:00,22.5,-85.5,64.0,H,0.0,north_atlantic,0.0,2024-10-06 23:00:00,4.0
73,milton,57566070-8c00-44b4-beb4-5ea7baee522c,hurdat,2024-10-09 05:00:00,22.5,-84.5,64.0,H,0.0,north_atlantic,0.0,2024-10-06 23:00:00,4.0
74,milton,57566070-8c00-44b4-beb4-5ea7baee522c,hurdat,2024-10-09 11:00:00,22.5,-83.5,64.0,H,0.0,north_atlantic,0.0,2024-10-06 23:00:00,4.0
75,milton,57566070-8c00-44b4-beb4-5ea7baee522c,hurdat,2024-10-09 17:00:00,22.5,-82.5,64.0,H,0.0,north_atlantic,0.0,2024-10-06 23:00:00,4.0
76,milton,57566070-8c00-44b4-beb4-5ea7baee522c,hurdat,2024-10-09 23:00:00,22.5,-81.5,64.0,H,0.0,north_atlantic,0.0,2024-10-06 23:00:00,4.0
77,milton,57566070-8c00-44b4-beb4-5ea7baee522c,hurdat,2024-10-10 05:00:00,22.5,-80.5,64.0,H,0.0,north_atlantic,0.0,2024-10-06 23:00:00,4.0
78,milton,57566070-8c00-44b4-beb4-5ea7baee522c,hurdat,2024-10-10 11:00:00,22.5,-79.5,64.0,H,0.0,north_atlantic,0.0,2024-10-06 23:00:00,4.0
79,milton,57566070-8c00-44b4-beb4-5ea7baee522c,hurdat,2024-10-10 17:00:00,23.5,-78.5,83.0,H,0.0,north_atlantic,0.0,2024-10-06 23:00:00,4.0
80,milton,12fd8a00-d5db-4cd9-857a-1cc175703528,hurdat,2024-10-06 23:00:00,22.5,-93.5,64.0,H,0.0,north_atlantic,0.0,2024-10-06 23:00:00,5.0
81,milton,12fd8a00-d5db-4cd9-857a-1cc175703528,hurdat,2024-10-07 05:00:00,22.5,-92.5,64.0,H,0.0,north_atlantic,0.0,2024-10-06 23:00:00,5.0
82,milton,12fd8a00-d5db-4cd9-857a-1cc175703528,hurdat,2024-10-07 11:00:00,22.5,-91.5,64.0,H,0.0,north_atlantic,0.0,2024-10-06 23:00:00,5.0
83,milton,12fd8a00-d5db-4cd9-857a-1cc175703528,hurdat,2024-10-07 17:00:00,22.5,-90.5,64.0,H,0.0,north_atlantic,0.0,2024-10-06 23:00:00,5.0
84,milton,12fd8a00-d5db-4cd9-857a-1cc175703528,hurdat,2024-10-07 23:00:00,22.5,-89.5,64.0,H,0.0,north_atlantic,0.0,2024-10-06 23:00:00,5.0
85,milton,12fd8a00-d5db-4cd9-857a-1cc175703528,hurdat,2024-10-08 05:00:00,22.5,-88.5,64.0,H,0.0,north_atlantic,0.0,2024-10-06 23:00:00,5.0
86,milton,12fd8a00-d5db-4cd9-857a-1cc175703528,hurdat,2024-10-08 11:00:00,22.5,-87.5,64.0,H,0.0,north_atlantic,0.0,2024-10-06 23:00:00,5.0
87,milton,12fd8a00-d5db-4cd9-857a-1cc175703528,hurdat,2024-10-08 17:00:00,22.5,-86.5,64.0,H,0.0,north_atlantic,0.0,2024-10-06 23:00:00,5.0
88,milton,12fd8a00-d5db-4cd9-857a-1cc175703528,hurdat,2024-10-08 23:00:00,22.5,-85.5,64.0,H,0.0,north_atlantic,0.0,2024-10-06 23:00:00,5.0
89,milton,12fd8a00-d5db-4cd9-857a-1cc175703528,hurdat,2024-10-09 05:00:00,22.5,-84.5,64.0,H,0.0,north_atlantic,0.0,2024-10-06 23:00:00,5.0
90,milton,12fd8a00-d5db-4cd9-857a-1cc175703528,hurdat,2024-10-09 11:00:00,22.5,-83.5,64.0,H,0.0,north_atlantic,0.0,2024-10-06 23:00:00,5.0
91,milton,12fd8a00-d5db-4cd9-857a-1cc175703528,hurdat,2024-10-09 17:00:00,22.5,-82.5,64.0,H,0.0,north_atlantic,0.0,2024-10-06 23:00:00,5.0
92,milton,12fd8a00-d5db-4cd9-857a-1cc175703528,hurdat,2024-10-09 23:00:00,22.5,-81.5,64.0,H,0.0,north_atlantic,0.0,2024-10-06 23:00:00,5.0
93,milton,12fd8a00-d5db-4cd9-857a-1cc175703528,hurdat,2024-10-10 05:00:00,22.5,-80.5,64.0,H,0.0,north_atlantic,0.0,2024-10-06 23:00:00,5.0
94,milton,12fd8a00-d5db-4cd9-857a-1cc175703528,hurdat,2024-10-10 11:00:00,22.5,-79.5,64.0,H,0.0,north_atlantic,0.0,2024-10-06 23:00:00,5.0
95,milton,12fd8a00-d5db-4cd9-857a-1cc175703528,hurdat,2024-10-10 17:00:00,23.5,-78.5,83.0,H,0.0,north_atlantic,0.0,2024-10-06 23:00:00,5.0
96,milton,3af05265-a1a6-4bdb-8e07-62fcaa1bde04,hurdat,2024-10-06 23:00:00,22.5,-93.5,64.0,H,0.0,north_atlantic,0.0,2024-10-06 23:00:00,6.0
97,milton,3af05265-a1a6-4bdb-8e07-62fcaa1bde04,hurdat,2024-10-07 05:00:00,22.5,-92.5,64.0,H,0.0,north_atlantic,0.0,2024-10-06 23:00:00,6.0
98,milton,3af05265-a1a6-4bdb-8e07-62fcaa1bde04,hurdat,2024-10-07 11:00:00,22.5,-91.5,64.0,H,0.0,north_atlantic,0.0,2024-10-06 23:00:00,6.0
99,milton,3af05265-a1a6-4bdb-8e07-62fcaa1bde04,hurdat,2024-10-07 17:00:00,22.5,-90.5,64.0,H,0.0,north_atlantic,0.0,2024-10-06 23:00:00,6.0
100,milton,3af05265-a1a6-4bdb-8e07-62fcaa1bde04,hurdat,2024-10-07 23:00:00,22.5,-89.5,64.0,H,0.0,north_atlantic,0.0,2024-10-06 23:00:00,6.0
101,milton,3af05265-a1a6-4bdb-8e07-62fcaa1bde04,hurdat,2024-10-08 05:00:00,22.5,-88.5,64.0,H,0.0,north_atlantic,0.0,2024-10-06 23:00:00,6.0
102,milton,3af05265-a1a6-4bdb-8e07-62fcaa1bde04,hurdat,2024-10-08 11:00:00,22.5,-87.5,64.0,H,0.0,north_atlantic,0.0,2024-10-06 23:00:00,6.0
103,milton,3af05265-a1a6-4bdb-8e07-62fcaa1bde04,hurdat,2024-10-08 17:00:00,22.5,-86.5,64.0,H,0.0,north_atlantic,0.0,2024-10-06 23:00:00,6.0
104,milton,3af05265-a1a6-4bdb-8e07-62fcaa1bde04,hurdat,2024-10-08 23:00:00,22.5,-85.5,64.0,H,0.0,north_atlantic,0.0,2024-10-06 23:00:00,6.0
105,milton,3af05265-a1a6-4bdb-8e07-62fcaa1bde04,hurdat,2024-10-09 05:00:00,22.5,-84.5,64.0,H,0.0,north_atlantic,0.0,2024-10-06 23:00:00,6.0
106,milton,3af05265-a1a6-4bdb-8e07-62fcaa1bde04,hurdat,2024-10-09 11:00:00,22.5,-83.5,64.0,H,0.0,north_atlantic,0.0,2024-10-06 23:00:00,6.0
107,milton,3af05265-a1a6-4bdb-8e07-62fcaa1bde04,hurdat,2024-10-09 17:00:00,22.5,-82.5,64.0,H,0.0,north_atlantic,0.0,2024-10-06 23:00:00,6.0
108,milton,3af05265-a1a6-4bdb-8e07-62fcaa1bde04,hurdat,2024-10-09 23:00:00,22.5,-81.5,64.0,H,0.0,north_atlantic,0.0,2024-10-06 23:00:00,6.0
109,milton,3af05265-a1a6-4bdb-8e07-62fcaa1bde04,hurdat,2024-10-10 05:00:00,22.5,-80.5,64.0,H,0.0,north_atlantic,0.0,2024-10-06 23:00:00,6.0
110,milton,3af05265-a1a6-4bdb-8e07-62fcaa1bde04,hurdat,2024-10-10 11:00:00,22.5,-79.5,64.0,H,0.0,north_atlantic,0.0,2024-10-06 23:00:00,6.0
111,milton,3af05265-a1a6-4bdb-8e07-62fcaa1bde04,hurdat,2024-10-10 17:00:00,23.5,-78.5,83.0,H,0.0,north_atlantic,0.0,2024-10-06 23:00:00,6.0
112,milton,55a1154a-915d-4657-8fd9-8d99e4fa1c1d,hurdat,2024-10-06 23:00:00,22.5,-93.5,64.0,H,0.0,north_atlantic,0.0,2024-10-06 23:00:00,7.0
113,milton,55a1154a-915d-4657-8fd9-8d99e4fa1c1d,hurdat,2024-10-07 05:00:00,22.5,-92.5,64.0,H,0.0,north_atlantic,0.0,2024-10-06 23:00:00,7.0
114,milton,55a1154a-915d-4657-8fd9-8d99e4fa1c1d,hurdat,2024-10-07 11:00:00,22.5,-91.5,64.0,H,0.0,north_atlantic,0.0,2024-10-06 23:00:00,7.0
115,milton,55a1154a-915d-4657-8fd9-8d99e4fa1c1d,hurdat,2024-10-07 17:00:00,22.5,-90.5,64.0,H,0.0,north_atlantic,0.0,2024-10-06 23:00:00,7.0
116,milton,55a1154a-915d-4657-8fd9-8d99e4fa1c1d,hurdat,2024-10-07 23:00:00,22.5,-89.5,64.0,H,0.0,north_atlantic,0.0,2024-10-06 23:00:00,7.0
117,milton,55a1154a-915d-4657-8fd9-8d99e4fa1c1d,hurdat,2024-10-08 05:00:00,22.5,-88.5,64.0,H,0.0,north_atlantic,0.0,2024-10-06 23:00:00,7.0
118,milton,55a1154a-915d-4657-8fd9-8d99e4fa1c1d,hurdat,2024-10-08 11:00:00,22.5,-87.5,64.0,H,0.0,north_atlantic,0.0,2024-10-06 23:00:00,7.0
119,milton,55a1154a-915d-4657-8fd9-8d99e4fa1c1d,hurdat,2024-10-08 17:00:00,22.5,-86.5,64.0,H,0.0,north_atlantic,0.0,2024-10-06 23:00:00,7.0
120,milton,55a1154a-915d-4657-8fd9-8d99e4fa1c1d,hurdat,2024-10-08 23:00:00,22.5,-85.5,64.0,H,0.0,north_atlantic,0.0,2024-10-06 23:00:00,7.0
121,milton,55a1154a-915d-4657-8fd9-8d99e4fa1c1d,hurdat,2024-10-09 05:00:00,22.5,-84.5,64.0,H,0.0,north_atlantic,0.0,2024-10-06 23:00:00,7.0
122,milton,55a1154a-915d-4657-8fd9-8d99e4fa1c1d,hurdat,2024-10-09 11:00:00,22.5,-83.5,64.0,H,0.0,north_atlantic,0.0,2024-10-06 23:00:00,7.0
123,milton,55a1154a-915d-4657-8fd9-8d99e4fa1c1d,hurdat,2024-10-09 17:00:00,22.5,-82.5,64.0,H,0.0,north_atlantic,0.0,2024-10-06 23:00:00,7.0
124,milton,55a1154a-915d-4657-8fd9-8d99e4fa1c1d,hurdat,2024-10-09 23:00:00,22.5,-81.5,64.0,H,0.0,north_atlantic,0.0,2024-10-06 23:00:00,7.0
125,milton,55a1154a-915d-4657-8fd9-8d99e4fa1c1d,hurdat,2024-10-10 05:00:00,22.5,-80.5,64.0,H,0.0,north_atlantic,0.0,2024-10-06 23:00:00,7.0
126,milton,55a1154a-915d-4657-8fd9-8d99e4fa1c1d,hurdat,2024-10-10 11:00:00,22.5,-79.5,64.0,H,0.0,north_atlantic,0.0,2024-10-06 23:00:00,7.0
127,milton,55a1154a-915d-4657-8fd9-8d99e4fa1c1d,hurdat,2024-10-10 17:00:00,23.5,-78.5,83.0,H,0.0,north_atlantic,0.0,2024-10-06 23:00:00,7.0
128,milton,56a1e319-67eb-40ef-bb8c-385f6ca3490c,hurdat,2024-10-06 23:00:00,22.5,-93.5,64.0,H,0.0,north_atlantic,0.0,2024-10-06 23:00:00,8.0
129,milton,56a1e319-67eb-40ef-bb8c-385f6ca3490c,hurdat,2024-10-07 05:00:00,22.5,-92.5,64.0,H,0.0,north_atlantic,0.0,2024-10-06 23:00:00,8.0
130,milton,56a1e319-67eb-40ef-bb8c-385f6ca3490c,hurdat,2024-10-07 11:00:00,22.5,-91.5,64.0,H,0.0,north_atlantic,0.0,2024-10-06 23:00:00,8.0
131,milton,56a1e319-67eb-40ef-bb8c-385f6ca3490c,hurdat,2024-10-07 17:00:00,22.5,-90.5,64.0,H,0.0,north_atlantic,0.0,2024-10-06 23:00:00,8.0
132,milton,56a1e319-67eb-40ef-bb8c-385f6ca3490c,hurdat,2024-10-07 23:00:00,22.5,-89.5,64.0,H,0.0,north_atlantic,0.0,2024-10-06 23:00:00,8.0
133,milton,56a1e319-67eb-40ef-bb8c-385f6ca3490c,hurdat,2024-10-08 05:00:00,22.5,-88.5,64.0,H,0.0,north_atlantic,0.0,2024-10-06 23:00:00,8.0
134,milton,56a1e319-67eb-40ef-bb8c-385f6ca3490c,hurdat,2024-10-08 11:00:00,22.5,-87.5,64.0,H,0.0,north_atlantic,0.0,2024-10-06 23:00:00,8.0
135,milton,56a1e319-67eb-40ef-bb8c-385f6ca3490c,hurdat,2024-10-08 17:00:00,22.5,-86.5,64.0,H,0.0,north_atlantic,0.0,2024-10-06 23:00:00,8.0
136,milton,56a1e319-67eb-40ef-bb8c-385f6ca3490c,hurdat,2024-10-08 23:00:00,22.5,-85.5,64.0,H,0.0,north_atlantic,0.0,2024-10-06 23:00:00,8.0
137,milton,56a1e319-67eb-40ef-bb8c-385f6ca3490c,hurdat,2024-10-09 05:00:00,22.5,-84.5,64.0,H,0.0,north_atlantic,0.0,2024-10-06 23:00:00,8.0
138,milton,56a1e319-67eb-40ef-bb8c-385f6ca3490c,hurdat,2024-10-09 11:00:00,22.5,-83.5,64.0,H,0.0,north_atlantic,0.0,2024-10-06 23:00:00,8.0
139,milton,56a1e319-67eb-40ef-bb8c-385f6ca3490c,hurdat,2024-10-09 17:00:00,22.5,-82.5,64.0,H,0.0,north_atlantic,0.0,2024-10-06 23:00:00,8.0
140,milton,56a1e319-67eb-40ef-bb8c-385f6ca3490c,hurdat,2024-10-09 23:00:00,22.5,-81.5,64.0,H,0.0,north_atlantic,0.0,2024-10-06 23:00:00,8.0
141,milton,56a1e319-67eb-40ef-bb8c-385f6ca3490c,hurdat,2024-10-10 05:00:00,22.5,-80.5,64.0,H,0.0,north_atlantic,0.0,2024-10-06 23:00:00,8.0
142,milton,56a1e319-67eb-40ef-bb8c-385f6ca3490c,hurdat,2024-10-10 11:00:00,22.5,-79.5,64.0,H,0.0,north_atlantic,0.0,2024-10-06 23:00:00,8.0
143,milton,56a1e319-67eb-40ef-bb8c-385f6ca3490c,hurdat,2024-10-10 17:00:00,23.5,-78.5,83.0,H,0.0,north_atlantic,0.0,2024-10-06 23:00:00,8.0
144,milton,9edd4f20-226b-4ffd-bfcf-5713d2f76212,hurdat,2024-10-06 23:00:00,22.5,-93.5,64.0,H,0.0,north_atlantic,0.0,2024-10-06 23:00:00,9.0
145,milton,9edd4f20-226b-4ffd-bfcf-5713d2f76212,hurdat,2024-10-07 05:00:00,22.5,-92.5,64.0,H,0.0,north_atlantic,0.0,2024-10-06 23:00:00,9.0
146,milton,9edd4f20-226b-4ffd-bfcf-5713d2f76212,hurdat,2024-10-07 11:00:00,22.5,-91.5,64.0,H,0.0,north_atlantic,0.0,2024-10-06 23:00:00,9.0
147,milton,9edd4f20-226b-4ffd-bfcf-5713d2f76212,hurdat,2024-10-07 17:00:00,22.5,-90.5,64.0,H,0.0,north_atlantic,0.0,2024-10-06 23:00:00,9.0
148,milton,9edd4f20-226b-4ffd-bfcf-5713d2f76212,hurdat,2024-10-07 23:00:00,22.5,-89.5,64.0,H,0.0,north_atlantic,0.0,2024-10-06 23:00:00,9.0
149,milton,9edd4f20-226b-4ffd-bfcf-5713d2f76212,hurdat,2024-10-08 05:00:00,22.5,-88.5,64.0,H,0.0,north_atlantic,0.0,2024-10-06 23:00:00,9.0
150,milton,9edd4f20-226b-4ffd-bfcf-5713d2f76212,hurdat,2024-10-08 11:00:00,22.5,-87.5,64.0,H,0.0,north_atlantic,0.0,2024-10-06 23:00:00,9.0
151,milton,9edd4f20-226b-4ffd-bfcf-5713d2f76212,hurdat,2024-10-08 17:00:00,22.5,-86.5,64.0,H,0.0,north_atlantic,0.0,2024-10-06 23:00:00,9.0
152,milton,9edd4f20-226b-4ffd-bfcf-5713d2f76212,hurdat,2024-10-08 23:00:00,22.5,-85.5,64.0,H,0.0,north_atlantic,0.0,2024-10-06 23:00:00,9.0
153,milton,9edd4f20-226b-4ffd-bfcf-5713d2f76212,hurdat,2024-10-09 05:00:00,22.5,-84.5,64.0,H,0.0,north_atlantic,0.0,2024-10-06 23:00:00,9.0
154,milton,9edd4f20-226b-4ffd-bfcf-5713d2f76212,hurdat,2024-10-09 11:00:00,22.5,-83.5,64.0,H,0.0,north_atlantic,0.0,2024-10-06 23:00:00,9.0
155,milton,9edd4f20-226b-4ffd-bfcf-5713d2f76212,hurdat,2024-10-09 17:00:00,22.5,-82.5,64.0,H,0.0,north_atlantic,0.0,2024-10-06 23:00:00,9.0
156,milton,9edd4f20-226b-4ffd-bfcf-5713d2f76212,hurdat,2024-10-09 23:00:00,22.5,-81.5,64.0,H,0.0,north_atlantic,0.0,2024-10-06 23:00:00,9.0
157,milton,9edd4f20-226b-4ffd-bfcf-5713d2f76212,hurdat,2024-10-10 05:00:00,22.5,-80.5,64.0,H,0.0,north_atlantic,0.0,2024-10-06 23:00:00,9.0
158,milton,9edd4f20-226b-4ffd-bfcf-5713d2f76212,hurdat,2024-10-10 11:00:00,22.5,-79.5,64.0,H,0.0,north_atlantic,0.0,2024-10-06 23:00:00,9.0
159,milton,9edd4f20-226b-4ffd-bfcf-5713d2f76212,hurdat,2024-10-10 17:00:00,23.5,-78.5,83.0,H,0.0,north_atlantic,0.0,2024-10-06 23:00:00,9.0
160,milton,63b2175f-6ae3-4a8b-9248-0796e9d5485b,hurdat,2024-10-07 05:00:00,22.5,-92.5,83.0,H,0.0,north_atlantic,0.0,2024-10-07 05:00:00,0.0
161,milton,63b2175f-6ae3-4a8b-9248-0796e9d5485b,hurdat,2024-10-07 11:00:00,22.5,-91.5,83.0,H,0.0,north_atlantic,0.0,2024-10-07 05:00:00,0.0
162,milton,63b2175f-6ae3-4a8b-9248-0796e9d5485b,hurdat,2024-10-07 17:00:00,22.5,-90.5,83.0,H,0.0,north_atlantic,0.0,2024-10-07 05:00:00,0.0
163,milton,63b2175f-6ae3-4a8b-9248-0796e9d5485b,hurdat,2024-10-07 23:00:00,22.5,-89.5,83.0,H,0.0,north_atlantic,0.0,2024-10-07 05:00:00,0.0
164,milton,63b2175f-6ae3-4a8b-9248-0796e9d5485b,hurdat,2024-10-08 05:00:00,22.5,-88.5,83.0,H,0.0,north_atlantic,0.0,2024-10-07 05:00:00,0.0
165,milton,63b2175f-6ae3-4a8b-9248-0796e9d5485b,hurdat,2024-10-08 11:00:00,22.5,-87.5,83.0,H,0.0,north_atlantic,0.0,2024-10-07 05:00:00,0.0
166,milton,63b2175f-6ae3-4a8b-9248-0796e9d5485b,hurdat,2024-10-08 17:00:00,22.5,-86.5,83.0,H,0.0,north_atlantic,0.0,2024-10-07 05:00:00,0.0
167,milton,63b2175f-6ae3-4a8b-9248-0796e9d5485b,hurdat,2024-10-08 23:00:00,22.5,-85.5,83.0,H,0.0,north_atlantic,0.0,2024-10-07 05:00:00,0.0
168,milton,63b2175f-6ae3-4a8b-9248-0796e9d5485b,hurdat,2024-10-09 05:00:00,22.5,-84.5,83.0,H,0.0,north_atlantic,0.0,2024-10-07 05:00:00,0.0
169,milton,63b2175f-6ae3-4a8b-9248-0796e9d5485b,hurdat,2024-10-09 11:00:00,22.5,-83.5,83.0,H,0.0,north_atlantic,0.0,2024-10-07 05:00:00,0.0
170,milton,63b2175f-6ae3-4a8b-9248-0796e9d5485b,hurdat,2024-10-09 17:00:00,22.5,-82.5,83.0,H,0.0,north_atlantic,0.0,2024-10-07 05:00:00,0.0
171,milton,63b2175f-6ae3-4a8b-9248-0796e9d5485b,hurdat,2024-10-09 23:00:00,22.5,-81.5,83.0,H,0.0,north_atlantic,0.0,2024-10-07 05:00:00,0.0
172,milton,63b2175f-6ae3-4a8b-9248-0796e9d5485b,hurdat,2024-10-10 05:00:00,22.5,-79.5,64.0,H,0.0,north_atlantic,0.0,2024-10-07 05:00:00,0.0
173,milton,63b2175f-6ae3-4a8b-9248-0796e9d5485b,hurdat,2024-10-10 11:00:00,23.5,-78.5,83.0,H,0.0,north_atlantic,0.0,2024-10-07 05:00:00,0.0
174,milton,63b2175f-6ae3-4a8b-9248-0796e9d5485b,hurdat,2024-10-10 17:00:00,23.5,-76.5,83.0,H,0.0,north_atlantic,0.0,2024-10-07 05:00:00,0.0
175,milton,63b2175f-6ae3-4a8b-9248-0796e9d5485b,hurdat,2024-10-10 23:00:00,24.5,-73.5,96.0,H,0.0,north_atlantic,0.0,2024-10-07 05:00:00,0.0
176,milton,eec01452-d5ed-4ce7-b22f-4f3b8386f5ba,hurdat,2024-10-07 05:00:00,22.5,-92.5,83.0,H,0.0,north_atlantic,0.0,2024-10-07 05:00:00,1.0
177,milton,eec01452-d5ed-4ce7-b22f-4f3b8386f5ba,hurdat,2024-10-07 11:00:00,22.5,-91.5,83.0,H,0.0,north_atlantic,0.0,2024-10-07 05:00:00,1.0
178,milton,eec01452-d5ed-4ce7-b22f-4f3b8386f5ba,hurdat,2024-10-07 17:00:00,22.5,-90.5,83.0,H,0.0,north_atlantic,0.0,2024-10-07 05:00:00,1.0
179,milton,eec01452-d5ed-4ce7-b22f-4f3b8386f5ba,hurdat,2024-10-07 23:00:00,22.5,-89.5,83.0,H,0.0,north_atlantic,0.0,2024-10-07 05:00:00,1.0
180,milton,eec01452-d5ed-4ce7-b22f-4f3b8386f5ba,hurdat,2024-10-08 05:00:00,22.5,-88.5,83.0,H,0.0,north_atlantic,0.0,2024-10-07 05:00:00,1.0
181,milton,eec01452-d5ed-4ce7-b22f-4f3b8386f5ba,hurdat,2024-10-08 11:00:00,22.5,-87.5,83.0,H,0.0,north_atlantic,0.0,2024-10-07 05:00:00,1.0
182,milton,eec01452-d5ed-4ce7-b22f-4f3b8386f5ba,hurdat,2024-10-08 17:00:00,22.5,-86.5,83.0,H,0.0,north_atlantic,0.0,2024-10-07 05:00:00,1.0
183,milton,eec01452-d5ed-4ce7-b22f-4f3b8386f5ba,hurdat,2024-10-08 23:00:00,22.5,-85.5,83.0,H,0.0,north_atlantic,0.0,2024-10-07 05:00:00,1.0
184,milton,eec01452-d5ed-4ce7-b22f-4f3b8386f5ba,hurdat,2024-10-09 05:00:00,22.5,-84.5,83.0,H,0.0,north_atlantic,0.0,2024-10-07 05:00:00,1.0
185,milton,eec01452-d5ed-4ce7-b22f-4f3b8386f5ba,hurdat,2024-10-09 11:00:00,22.5,-83.5,83.0,H,0.0,north_atlantic,0.0,2024-10-07 05:00:00,1.0
186,milton,eec01452-d5ed-4ce7-b22f-4f3b8386f5ba,hurdat,2024-10-09 17:00:00,22.5,-82.5,83.0,H,0.0,north_atlantic,0.0,2024-10-07 05:00:00,1.0
187,milton,eec01452-d5ed-4ce7-b22f-4f3b8386f5ba,hurdat,2024-10-09 23:00:00,22.5,-81.5,83.0,H,0.0,north_atlantic,0.0,2024-10-07 05:00:00,1.0
188,milton,eec01452-d5ed-4ce7-b22f-4f3b8386f5ba,hurdat,2024-10-10 05:00:00,22.5,-79.5,64.0,H,0.0,north_atlantic,0.0,2024-10-07 05:00:00,1.0
189,milton,eec01452-d5ed-4ce7-b22f-4f3b8386f5ba,hurdat,2024-10-10 11:00:00,23.5,-78.5,83.0,H,0.0,north_atlantic,0.0,2024-10-07 05:00:00,1.0
190,milton,eec01452-d5ed-4ce7-b22f-4f3b8386f5ba,hurdat,2024-10-10 17:00:00,23.5,-76.5,83.0,H,0.0,north_atlantic,0.0,2024-10-07 05:00:00,1.0
191,milton,eec01452-d5ed-4ce7-b22f-4f3b8386f5ba,hurdat,2024-10-10 23:00:00,24.5,-73.5,96.0,H,0.0,north_atlantic,0.0,2024-10-07 05:00:00,1.0
192,milton,d91f74d0-9b82-4bde-a25c-3dd4a1b81436,hurdat,2024-10-07 05:00:00,22.5,-92.5,83.0,H,0.0,north_atlantic,0.0,2024-10-07 05:00:00,2.0
193,milton,d91f74d0-9b82-4bde-a25c-3dd4a1b81436,hurdat,2024-10-07 11:00:00,22.5,-91.5,83.0,H,0.0,north_atlantic,0.0,2024-10-07 05:00:00,2.0
194,milton,d91f74d0-9b82-4bde-a25c-3dd4a1b81436,hurdat,2024-10-07 17:00:00,22.5,-90.5,83.0,H,0.0,north_atlantic,0.0,2024-10-07 05:00:00,2.0
195,milton,d91f74d0-9b82-4bde-a25c-3dd4a1b81436,hurdat,2024-10-07 23:00:00,22.5,-89.5,83.0,H,0.0,north_atlantic,0.0,2024-10-07 05:00:00,2.0
196,milton,d91f74d0-9b82-4bde-a25c-3dd4a1b81436,hurdat,2024-10-08 05:00:00,22.5,-88.5,83.0,H,0.0,north_atlantic,0.0,2024-10-07 05:00:00,2.0
197,milton,d91f74d0-9b82-4bde-a25c-3dd4a1b81436,hurdat,2024-10-08 11:00:00,22.5,-87.5,83.0,H,0.0,north_atlantic,0.0,2024-10-07 05:00:00,2.0
198,milton,d91f74d0-9b82-4bde-a25c-3dd4a1b81436,hurdat,2024-10-08 17:00:00,22.5,-86.5,83.0,H,0.0,north_atlantic,0.0,2024-10-07 05:00:00,2.0
199,milton,d91f74d0-9b82-4bde-a25c-3dd4a1b81436,hurdat,2024-10-08 23:00:00,22.5,-85.5,83.0,H,0.0,north_atlantic,0.0,2024-10-07 05:00:00,2.0
200,milton,d91f74d0-9b82-4bde-a25c-3dd4a1b81436,hurdat,2024-10-09 05:00:00,22.5,-84.5,83.0,H,0.0,north_atlantic,0.0,2024-10-07 05:00:00,2.0
201,milton,d91f74d0-9b82-4bde-a25c-3dd4a1b81436,hurdat,2024-10-09 11:00:00,22.5,-83.5,83.0,H,0.0,north_atlantic,0.0,2024-10-07 05:00:00,2.0
202,milton,d91f74d0-9b82-4bde-a25c-3dd4a1b81436,hurdat,2024-10-09 17:00:00,22.5,-82.5,83.0,H,0.0,north_atlantic,0.0,2024-10-07 05:00:00,2.0
203,milton,d91f74d0-9b82-4bde-a25c-3dd4a1b81436,hurdat,2024-10-09 23:00:00,22.5,-81.5,83.0,H,0.0,north_atlantic,0.0,2024-10-07 05:00:00,2.0
204,milton,d91f74d0-9b82-4bde-a25c-3dd4a1b81436,hurdat,2024-10-10 05:00:00,22.5,-79.5,64.0,H,0.0,north_atlantic,0.0,2024-10-07 05:00:00,2.0
205,milton,d91f74d0-9b82-4bde-a25c-3dd4a1b81436,hurdat,2024-10-10 11:00:00,23.5,-78.5,83.0,H,0.0,north_atlantic,0.0,2024-10-07 05:00:00,2.0
206,milton,d91f74d0-9b82-4bde-a25c-3dd4a1b81436,hurdat,2024-10-10 17:00:00,23.5,-76.5,83.0,H,0.0,north_atlantic,0.0,2024-10-07 05:00:00,2.0
207,milton,d91f74d0-9b82-4bde-a25c-3dd4a1b81436,hurdat,2024-10-10 23:00:00,24.5,-73.5,96.0,H,0.0,north_atlantic,0.0,2024-10-07 05:00:00,2.0
208,milton,6104598a-2d1c-4bf8-97c3-4185434314f7,hurdat,2024-10-07 05:00:00,22.5,-92.5,83.0,H,0.0,north_atlantic,0.0,2024-10-07 05:00:00,3.0
209,milton,6104598a-2d1c-4bf8-97c3-4185434314f7,hurdat,2024-10-07 11:00:00,22.5,-91.5,83.0,H,0.0,north_atlantic,0.0,2024-10-07 05:00:00,3.0
210,milton,6104598a-2d1c-4bf8-97c3-4185434314f7,hurdat,2024-10-07 17:00:00,22.5,-90.5,83.0,H,0.0,north_atlantic,0.0,2024-10-07 05:00:00,3.0
211,milton,6104598a-2d1c-4bf8-97c3-4185434314f7,hurdat,2024-10-07 23:00:00,22.5,-89.5,83.0,H,0.0,north_atlantic,0.0,2024-10-07 05:00:00,3.0
212,milton,6104598a-2d1c-4bf8-97c3-4185434314f7,hurdat,2024-10-08 05:00:00,22.5,-88.5,83.0,H,0.0,north_atlantic,0.0,2024-10-07 05:00:00,3.0
213,milton,6104598a-2d1c-4bf8-97c3-4185434314f7,hurdat,2024-10-08 11:00:00,22.5,-87.5,83.0,H,0.0,north_atlantic,0.0,2024-10-07 05:00:00,3.0
214,milton,6104598a-2d1c-4bf8-97c3-4185434314f7,hurdat,2024-10-08 17:00:00,22.5,-86.5,83.0,H,0.0,north_atlantic,0.0,2024-10-07 05:00:00,3.0
215,milton,6104598a-2d1c-4bf8-97c3-4185434314f7,hurdat,2024-10-08 23:00:00,22.5,-85.5,83.0,H,0.0,north_atlantic,0.0,2024-10-07 05:00:00,3.0
216,milton,6104598a-2d1c-4bf8-97c3-4185434314f7,hurdat,2024-10-09 05:00:00,22.5,-84.5,83.0,H,0.0,north_atlantic,0.0,2024-10-07 05:00:00,3.0
217,milton,6104598a-2d1c-4bf8-97c3-4185434314f7,hurdat,2024-10-09 11:00:00,22.5,-83.5,83.0,H,0.0,north_atlantic,0.0,2024-10-07 05:00:00,3.0
218,milton,6104598a-2d1c-4bf8-97c3-4185434314f7,hurdat,2024-10-09 17:00:00,22.5,-82.5,83.0,H,0.0,north_atlantic,0.0,2024-10-07 05:00:00,3.0
219,milton,6104598a-2d1c-4bf8-97c3-4185434314f7,hurdat,2024-10-09 23:00:00,22.5,-81.5,83.0,H,0.0,north_atlantic,0.0,2024-10-07 05:00:00,3.0
220,milton,6104598a-2d1c-4bf8-97c3-4185434314f7,hurdat,2024-10-10 05:00:00,22.5,-79.5,64.0,H,0.0,north_atlantic,0.0,2024-10-07 05:00:00,3.0
221,milton,6104598a-2d1c-4bf8-97c3-4185434314f7,hurdat,2024-10-10 11:00:00,23.5,-78.5,83.0,H,0.0,north_atlantic,0.0,2024-10-07 05:00:00,3.0
222,milton,6104598a-2d1c-4bf8-97c3-4185434314f7,hurdat,2024-10-10 17:00:00,23.5,-76.5,83.0,H,0.0,north_atlantic,0.0,2024-10-07 05:00:00,3.0
223,milton,6104598a-2d1c-4bf8-97c3-4185434314f7,hurdat,2024-10-10 23:00:00,24.5,-73.5,96.0,H,0.0,north_atlantic,0.0,2024-10-07 05:00:00,3.0
224,milton,9efb519a-0db5-417b-af6c-039737ceefb7,hurdat,2024-10-07 05:00:00,22.5,-92.5,83.0,H,0.0,north_atlantic,0.0,2024-10-07 05:00:00,4.0
225,milton,9efb519a-0db5-417b-af6c-039737ceefb7,hurdat,2024-10-07 11:00:00,22.5,-91.5,83.0,H,0.0,north_atlantic,0.0,2024-10-07 05:00:00,4.0
226,milton,9efb519a-0db5-417b-af6c-039737ceefb7,hurdat,2024-10-07 17:00:00,22.5,-90.5,83.0,H,0.0,north_atlantic,0.0,2024-10-07 05:00:00,4.0
227,milton,9efb519a-0db5-417b-af6c-039737ceefb7,hurdat,2024-10-07 23:00:00,22.5,-89.5,83.0,H,0.0,north_atlantic,0.0,2024-10-07 05:00:00,4.0
228,milton,9efb519a-0db5-417b-af6c-039737ceefb7,hurdat,2024-10-08 05:00:00,22.5,-88.5,83.0,H,0.0,north_atlantic,0.0,2024-10-07 05:00:00,4.0
229,milton,9efb519a-0db5-417b-af6c-039737ceefb7,hurdat,2024-10-08 11:00:00,22.5,-87.5,83.0,H,0.0,north_atlantic,0.0,2024-10-07 05:00:00,4.0
230,milton,9efb519a-0db5-417b-af6c-039737ceefb7,hurdat,2024-10-08 17:00:00,22.5,-86.5,83.0,H,0.0,north_atlantic,0.0,2024-10-07 05:00:00,4.0
231,milton,9efb519a-0db5-417b-af6c-039737ceefb7,hurdat,2024-10-08 23:00:00,22.5,-85.5,83.0,H,0.0,north_atlantic,0.0,2024-10-07 05:00:00,4.0
232,milton,9efb519a-0db5-417b-af6c-039737ceefb7,hurdat,2024-10-09 05:00:00,22.5,-84.5,83.0,H,0.0,north_atlantic,0.0,2024-10-07 05:00:00,4.0
233,milton,9efb519a-0db5-417b-af6c-039737ceefb7,hurdat,2024-10-09 11:00:00,22.5,-83.5,83.0,H,0.0,north_atlantic,0.0,2024-10-07 05:00:00,4.0
234,milton,9efb519a-0db5-417b-af6c-039737ceefb7,hurdat,2024-10-09 17:00:00,22.5,-82.5,83.0,H,0.0,north_atlantic,0.0,2024-10-07 05:00:00,4.0
235,milton,9efb519a-0db5-417b-af6c-039737ceefb7,hurdat,2024-10-09 23:00:00,22.5,-81.5,83.0,H,0.0,north_atlantic,0.0,2024-10-07 05:00:00,4.0
236,milton,9efb519a-0db5-417b-af6c-039737ceefb7,hurdat,2024-10-10 05:00:00,22.5,-79.5,64.0,H,0.0,north_atlantic,0.0,2024-10-07 05:00:00,4.0
237,milton,9efb519a-0db5-417b-af6c-039737ceefb7,hurdat,2024-10-10 11:00:00,23.5,-78.5,83.0,H,0.0,north_atlantic,0.0,2024-10-07 05:00:00,4.0
238,milton,9efb519a-0db5-417b-af6c-039737ceefb7,hurdat,2024-10-10 17:00:00,23.5,-76.5,83.0,H,0.0,north_atlantic,0.0,2024-10-07 05:00:00,4.0
239,milton,9efb519a-0db5-417b-af6c-039737ceefb7,hurdat,2024-10-10 23:00:00,24.5,-73.5,96.0,H,0.0,north_atlantic,0.0,2024-10-07 05:00:00,4.0
240,milton,2e8f4780-d8f8-49fd-995b-c6add6b75fa1,hurdat,2024-10-07 05:00:00,22.5,-92.5,83.0,H,0.0,north_atlantic,0.0,2024-10-07 05:00:00,5.0
241,milton,2e8f4780-d8f8-49fd-995b-c6add6b75fa1,hurdat,2024-10-07 11:00:00,22.5,-91.5,83.0,H,0.0,north_atlantic,0.0,2024-10-07 05:00:00,5.0
242,milton,2e8f4780-d8f8-49fd-995b-c6add6b75fa1,hurdat,2024-10-07 17:00:00,22.5,-90.5,83.0,H,0.0,north_atlantic,0.0,2024-10-07 05:00:00,5.0
243,milton,2e8f4780-d8f8-49fd-995b-c6add6b75fa1,hurdat,2024-10-07 23:00:00,22.5,-89.5,83.0,H,0.0,north_atlantic,0.0,2024-10-07 05:00:00,5.0
244,milton,2e8f4780-d8f8-49fd-995b-c6add6b75fa1,hurdat,2024-10-08 05:00:00,22.5,-88.5,83.0,H,0.0,north_atlantic,0.0,2024-10-07 05:00:00,5.0
245,milton,2e8f4780-d8f8-49fd-995b-c6add6b75fa1,hurdat,2024-10-08 11:00:00,22.5,-87.5,83.0,H,0.0,north_atlantic,0.0,2024-10-07 05:00:00,5.0
246,milton,2e8f4780-d8f8-49fd-995b-c6add6b75fa1,hurdat,2024-10-08 17:00:00,22.5,-86.5,83.0,H,0.0,north_atlantic,0.0,2024-10-07 05:00:00,5.0
247,milton,2e8f4780-d8f8-49fd-995b-c6add6b75fa1,hurdat,2024-10-08 23:00:00,22.5,-85.5,83.0,H,0.0,north_atlantic,0.0,2024-10-07 05:00:00,5.0
248,milton,2e8f4780-d8f8-49fd-995b-c6add6b75fa1,hurdat,2024-10-09 05:00:00,22.5,-84.5,83.0,H,0.0,north_atlantic,0.0,2024-10-07 05:00:00,5.0
249,milton,2e8f4780-d8f8-49fd-995b-c6add6b75fa1,hurdat,2024-10-09 11:00:00,22.5,-83.5,83.0,H,0.0,north_atlantic,0.0,2024-10-07 05:00:00,5.0
250,milton,2e8f4780-d8f8-49fd-995b-c6add6b75fa1,hurdat,2024-10-09 17:00:00,22.5,-82.5,83.0,H,0.0,north_atlantic,0.0,2024-10-07 05:00:00,5.0
251,milton,2e8f4780-d8f8-49fd-995b-c6add6b75fa1,hurdat,2024-10-09 23:00:00,22.5,-81.5,83.0,H,0.0,north_atlantic,0.0,2024-10-07 05:00:00,5.0
252,milton,2e8f4780-d8f8-49fd-995b-c6add6b75fa1,hurdat,2024-10-10 05:00:00,22.5,-79.5,64.0,H,0.0,north_atlantic,0.0,2024-10-07 05:00:00,5.0
253,milton,2e8f4780-d8f8-49fd-995b-c6add6b75fa1,hurdat,2024-10-10 11:00:00,23.5,-78.5,83.0,H,0.0,north_atlantic,0.0,2024-10-07 05:00:00,5.0
254,milton,2e8f4780-d8f8-49fd-995b-c6add6b75fa1,hurdat,2024-10-10 17:00:00,23.5,-76.5,83.0,H,0.0,north_atlantic,0.0,2024-10-07 05:00:00,5.0
255,milton,2e8f4780-d8f8-49fd-995b-c6add6b75fa1,hurdat,2024-10-10 23:00:00,24.5,-73.5,96.0,H,0.0,north_atlantic,0.0,2024-10-07 05:00:00,5.0
256,milton,b478dcdf-13fe-472c-9691-bb6e010b1eba,hurdat,2024-10-07 05:00:00,22.5,-92.5,83.0,H,0.0,north_atlantic,0.0,2024-10-07 05:00:00,6.0
257,milton,b478dcdf-13fe-472c-9691-bb6e010b1eba,hurdat,2024-10-07 11:00:00,22.5,-91.5,83.0,H,0.0,north_atlantic,0.0,2024-10-07 05:00:00,6.0
258,milton,b478dcdf-13fe-472c-9691-bb6e010b1eba,hurdat,2024-10-07 17:00:00,22.5,-90.5,83.0,H,0.0,north_atlantic,0.0,2024-10-07 05:00:00,6.0
259,milton,b478dcdf-13fe-472c-9691-bb6e010b1eba,hurdat,2024-10-07 23:00:00,22.5,-89.5,83.0,H,0.0,north_atlantic,0.0,2024-10-07 05:00:00,6.0
260,milton,b478dcdf-13fe-472c-9691-bb6e010b1eba,hurdat,2024-10-08 05:00:00,22.5,-88.5,83.0,H,0.0,north_atlantic,0.0,2024-10-07 05:00:00,6.0
261,milton,b478dcdf-13fe-472c-9691-bb6e010b1eba,hurdat,2024-10-08 11:00:00,22.5,-87.5,83.0,H,0.0,north_atlantic,0.0,2024-10-07 05:00:00,6.0
262,milton,b478dcdf-13fe-472c-9691-bb6e010b1eba,hurdat,2024-10-08 17:00:00,22.5,-86.5,83.0,H,0.0,north_atlantic,0.0,2024-10-07 05:00:00,6.0
263,milton,b478dcdf-13fe-472c-9691-bb6e010b1eba,hurdat,2024-10-08 23:00:00,22.5,-85.5,83.0,H,0.0,north_atlantic,0.0,2024-10-07 05:00:00,6.0
264,milton,b478dcdf-13fe-472c-9691-bb6e010b1eba,hurdat,2024-10-09 05:00:00,22.5,-84.5,83.0,H,0.0,north_atlantic,0.0,2024-10-07 05:00:00,6.0
265,milton,b478dcdf-13fe-472c-9691-bb6e010b1eba,hurdat,2024-10-09 11:00:00,22.5,-83.5,83.0,H,0.0,north_atlantic,0.0,2024-10-07 05:00:00,6.0
266,milton,b478dcdf-13fe-472c-9691-bb6e010b1eba,hurdat,2024-10-09 17:00:00,22.5,-82.5,83.0,H,0.0,north_atlantic,0.0,2024-10-07 05:00:00,6.0
267,milton,b478dcdf-13fe-472c-9691-bb6e010b1eba,hurdat,2024-10-09 23:00:00,22.5,-81.5,83.0,H,0.0,north_atlantic,0.0,2024-10-07 05:00:00,6.0
268,milton,b478dcdf-13fe-472c-9691-bb6e010b1eba,hurdat,2024-10-10 05:00:00,22.5,-79.5,64.0,H,0.0,north_atlantic,0.0,2024-10-07 05:00:00,6.0
269,milton,b478dcdf-13fe-472c-9691-bb6e010b1eba,hurdat,2024-10-10 11:00:00,23.5,-78.5,83.0,H,0.0,north_atlantic,0.0,2024-10-07 05:00:00,6.0
270,milton,b478dcdf-13fe-472c-9691-bb6e010b1eba,hurdat,2024-10-10 17:00:00,23.5,-76.5,83.0,H,0.0,north_atlantic,0.0,2024-10-07 05:00:00,6.0
271,milton,b478dcdf-13fe-472c-9691-bb6e010b1eba,hurdat,2024-10-10 23:00:00,24.5,-73.5,96.0,H,0.0,north_atlantic,0.0,2024-10-07 05:00:00,6.0
272,milton,ffd2b412-cb99-428e-8bff-81d3a44bfcba,hurdat,2024-10-07 05:00:00,22.5,-92.5,83.0,H,0.0,north_atlantic,0.0,2024-10-07 05:00:00,7.0
273,milton,ffd2b412-cb99-428e-8bff-81d3a44bfcba,hurdat,2024-10-07 11:00:00,22.5,-91.5,83.0,H,0.0,north_atlantic,0.0,2024-10-07 05:00:00,7.0
274,milton,ffd2b412-cb99-428e-8bff-81d3a44bfcba,hurdat,2024-10-07 17:00:00,22.5,-90.5,83.0,H,0.0,north_atlantic,0.0,2024-10-07 05:00:00,7.0
275,milton,ffd2b412-cb99-428e-8bff-81d3a44bfcba,hurdat,2024-10-07 23:00:00,22.5,-89.5,83.0,H,0.0,north_atlantic,0.0,2024-10-07 05:00:00,7.0
276,milton,ffd2b412-cb99-428e-8bff-81d3a44bfcba,hurdat,2024-10-08 05:00:00,22.5,-88.5,83.0,H,0.0,north_atlantic,0.0,2024-10-07 05:00:00,7.0
277,milton,ffd2b412-cb99-428e-8bff-81d3a44bfcba,hurdat,2024-10-08 11:00:00,22.5,-87.5,83.0,H,0.0,north_atlantic,0.0,2024-10-07 05:00:00,7.0
278,milton,ffd2b412-cb99-428e-8bff-81d3a44bfcba,hurdat,2024-10-08 17:00:00,22.5,-86.5,83.0,H,0.0,north_atlantic,0.0,2024-10-07 05:00:00,7.0
279,milton,ffd2b412-cb99-428e-8bff-81d3a44bfcba,hurdat,2024-10-08 23:00:00,22.5,-85.5,83.0,H,0.0,north_atlantic,0.0,2024-10-07 05:00:00,7.0
280,milton,ffd2b412-cb99-428e-8bff-81d3a44bfcba,hurdat,2024-10-09 05:00:00,22.5,-84.5,83.0,H,0.0,north_atlantic,0.0,2024-10-07 05:00:00,7.0
281,milton,ffd2b412-cb99-428e-8bff-81d3a44bfcba,hurdat,2024-10-09 11:00:00,22.5,-83.5,83.0,H,0.0,north_atlantic,0.0,2024-10-07 05:00:00,7.0
282,milton,ffd2b412-cb99-428e-8bff-81d3a44bfcba,hurdat,2024-10-09 17:00:00,22.5,-82.5,83.0,H,0.0,north_atlantic,0.0,2024-10-07 05:00:00,7.0
283,milton,ffd2b412-cb99-428e-8bff-81d3a44bfcba,hurdat,2024-10-09 23:00:00,22.5,-81.5,83.0,H,0.0,north_atlantic,0.0,2024-10-07 05:00:00,7.0
284,milton,ffd2b412-cb99-428e-8bff-81d3a44bfcba,hurdat,2024-10-10 05:00:00,22.5,-79.5,64.0,H,0.0,north_atlantic,0.0,2024-10-07 05:00:00,7.0
285,milton,ffd2b412-cb99-428e-8bff-81d3a44bfcba,hurdat,2024-10-10 11:00:00,23.5,-78.5,83.0,H,0.0,north_atlantic,0.0,2024-10-07 05:00:00,7.0
286,milton,ffd2b412-cb99-428e-8bff-81d3a44bfcba,hurdat,2024-10-10 17:00:00,23.5,-76.5,83.0,H,0.0,north_atlantic,0.0,2024-10-07 05:00:00,7.0
287,milton,ffd2b412-cb99-428e-8bff-81d3a44bfcba,hurdat,2024-10-10 23:00:00,24.5,-73.5,96.0,H,0.0,north_atlantic,0.0,2024-10-07 05:00:00,7.0
288,milton,73bc2301-7458-4ff0-9ffa-0ae6ddb599d7,hurdat,2024-10-07 05:00:00,22.5,-92.5,83.0,H,0.0,north_atlantic,0.0,2024-10-07 05:00:00,8.0
289,milton,73bc2301-7458-4ff0-9ffa-0ae6ddb599d7,hurdat,2024-10-07 11:00:00,22.5,-91.5,83.0,H,0.0,north_atlantic,0.0,2024-10-07 05:00:00,8.0
290,milton,73bc2301-7458-4ff0-9ffa-0ae6ddb599d7,hurdat,2024-10-07 17:00:00,22.5,-90.5,83.0,H,0.0,north_atlantic,0.0,2024-10-07 05:00:00,8.0
291,milton,73bc2301-7458-4ff0-9ffa-0ae6ddb599d7,hurdat,2024-10-07 23:00:00,22.5,-89.5,83.0,H,0.0,north_atlantic,0.0,2024-10-07 05:00:00,8.0
292,milton,73bc2301-7458-4ff0-9ffa-0ae6ddb599d7,hurdat,2024-10-08 05:00:00,22.5,-88.5,83.0,H,0.0,north_atlantic,0.0,2024-10-07 05:00:00,8.0
293,milton,73bc2301-7458-4ff0-9ffa-0ae6ddb599d7,hurdat,2024-10-08 11:00:00,22.5,-87.5,83.0,H,0.0,north_atlantic,0.0,2024-10-07 05:00:00,8.0
294,milton,73bc2301-7458-4ff0-9ffa-0ae6ddb599d7,hurdat,2024-10-08 17:00:00,22.5,-86.5,83.0,H,0.0,north_atlantic,0.0,2024-10-07 05:00:00,8.0
295,milton,73bc2301-7458-4ff0-9ffa-0ae6ddb599d7,hurdat,2024-10-08 23:00:00,22.5,-85.5,83.0,H,0.0,north_atlantic,0.0,2024-10-07 05:00:00,8.0
296,milton,73bc2301-7458-4ff0-9ffa-0ae6ddb599d7,hurdat,2024-10-09 05:00:00,22.5,-84.5,83.0,H,0.0,north_atlantic,0.0,2024-10-07 05:00:00,8.0
297,milton,73bc2301-7458-4ff0-9ffa-0ae6ddb599d7,hurdat,2024-10-09 11:00:00,22.5,-83.5,83.0,H,0.0,north_atlantic,0.0,2024-10-07 05:00:00,8.0
298,milton,73bc2301-7458-4ff0-9ffa-0ae6ddb599d7,hurdat,2024-10-09 17:00:00,22.5,-82.5,83.0,H,0.0,north_atlantic,0.0,2024-10-07 05:00:00,8.0
299,milton,73bc2301-7458-4ff0-9ffa-0ae6ddb599d7,hurdat,2024-10-09 23:00:00,22.5,-81.5,83.0,H,0.0,north_atlantic,0.0,2024-10-07 05:00:00,8.0
300,milton,73bc2301-7458-4ff0-9ffa-0ae6ddb599d7,hurdat,2024-10-10 05:00:00,22.5,-79.5,64.0,H,0.0,north_atlantic,0.0,2024-10-07 05:00:00,8.0
301,milton,73bc2301-7458-4ff0-9ffa-0ae6ddb599d7,hurdat,2024-10-10 11:00:00,23.5,-78.5,83.0,H,0.0,north_atlantic,0.0,2024-10-07 05:00:00,8.0
302,milton,73bc2301-7458-4ff0-9ffa-0ae6ddb599d7,hurdat,2024-10-10 17:00:00,23.5,-76.5,83.0,H,0.0,north_atlantic,0.0,2024-10-07 05:00:00,8.0
303,milton,73bc2301-7458-4ff0-9ffa-0ae6ddb599d7,hurdat,2024-10-10 23:00:00,24.5,-73.5,96.0,H,0.0,north_atlantic,0.0,2024-10-07 05:00:00,8.0
304,milton,0e9f3992-e6f8-4bce-9563-999da88cbf71,hurdat,2024-10-07 05:00:00,22.5,-92.5,83.0,H,0.0,north_atlantic,0.0,2024-10-07 05:00:00,9.0
305,milton,0e9f3992-e6f8-4bce-9563-999da88cbf71,hurdat,2024-10-07 11:00:00,22.5,-91.5,83.0,H,0.0,north_atlantic,0.0,2024-10-07 05:00:00,9.0
306,milton,0e9f3992-e6f8-4bce-9563-999da88cbf71,hurdat,2024-10-07 17:00:00,22.5,-90.5,83.0,H,0.0,north_atlantic,0.0,2024-10-07 05:00:00,9.0
307,milton,0e9f3992-e6f8-4bce-9563-999da88cbf71,hurdat,2024-10-07 23:00:00,22.5,-89.5,83.0,H,0.0,north_atlantic,0.0,2024-10-07 05:00:00,9.0
308,milton,0e9f3992-e6f8-4bce-9563-999da88cbf71,hurdat,2024-10-08 05:00:00,22.5,-88.5,83.0,H,0.0,north_atlantic,0.0,2024-10-07 05:00:00,9.0
309,milton,0e9f3992-e6f8-4bce-9563-999da88cbf71,hurdat,2024-10-08 11:00:00,22.5,-87.5,83.0,H,0.0,north_atlantic,0.0,2024-10-07 05:00:00,9.0
310,milton,0e9f3992-e6f8-4bce-9563-999da88cbf71,hurdat,2024-10-08 17:00:00,22.5,-86.5,83.0,H,0.0,north_atlantic,0.0,2024-10-07 05:00:00,9.0
311,milton,0e9f3992-e6f8-4bce-9563-999da88cbf71,hurdat,2024-10-08 23:00:00,22.5,-85.5,83.0,H,0.0,north_atlantic,0.0,2024-10-07 05:00:00,9.0
312,milton,0e9f3992-e6f8-4bce-9563-999da88cbf71,hurdat,2024-10-09 05:00:00,22.5,-84.5,83.0,H,0.0,north_atlantic,0.0,2024-10-07 05:00:00,9.0
313,milton,0e9f3992-e6f8-4bce-9563-999da88cbf71,hurdat,2024-10-09 11:00:00,22.5,-83.5,83.0,H,0.0,north_atlantic,0.0,2024-10-07 05:00:00,9.0
314,milton,0e9f3992-e6f8-4bce-9563-999da88cbf71,hurdat,2024-10-09 17:00:00,22.5,-82.5,83.0,H,0.0,north_atlantic,0.0,2024-10-07 05:00:00,9.0
315,milton,0e9f3992-e6f8-4bce-9563-999da88cbf71,hurdat,2024-10-09 23:00:00,22.5,-81.5,83.0,H,0.0,north_atlantic,0.0,2024-10-07 05:00:00,9.0
316,milton,0e9f3992-e6f8-4bce-9563-999da88cbf71,hurdat,2024-10-10 05:00:00,22.5,-79.5,64.0,H,0.0,north_atlantic,0.0,2024-10-07 05:00:00,9.0
317,milton,0e9f3992-e6f8-4bce-9563-999da88cbf71,hurdat,2024-10-10 11:00:00,23.5,-78.5,83.0,H,0.0,north_atlantic,0.0,2024-10-07 05:00:00,9.0
318,milton,0e9f3992-e6f8-4bce-9563-999da88cbf71,hurdat,2024-10-10 17:00:00,23.5,-76.5,83.0,H,0.0,north_atlantic,0.0,2024-10-07 05:00:00,9.0
319,milton,0e9f3992-e6f8-4bce-9563-999da88cbf71,hurdat,2024-10-10 23:00:00,24.5,-73.5,96.0,H,0.0,north_atlantic,0.0,2024-10-07 05:00:00,9.0
